[{"model": "core.city", "pk": 2, "fields": {"name": "\u041a\u0440\u0430\u0441\u043d\u043e\u044f\u0440\u0441\u043a"}}, {"model": "core.city", "pk": 4, "fields": {"name": "\u0422\u043e\u043c\u0441\u043a"}}, {"model": "core.city", "pk": 5, "fields": {"name": "\u041a\u0440\u0430\u0441\u043d\u043e\u0434\u0430\u0440"}}, {"model": "core.city", "pk": 6, "fields": {"name": "\u0410\u0431\u0430\u043a\u0430\u043d"}}, {"model": "core.city", "pk": 7, "fields": {"name": "\u041a\u0435\u043c\u0435\u0440\u043e\u0432\u043e"}}, {"model": "core.city", "pk": 9, "fields": {"name": "\u041e\u043c\u0441\u043a"}}, {"model": "core.city", "pk": 10, "fields": {"name": "\u041f\u0435\u0440\u043c\u044c"}}, {"model": "core.city", "pk": 12, "fields": {"name": "\u0421\u0430\u043c\u0430\u0440\u0430"}}, {"model": "core.city", "pk": 13, "fields": {"name": "\u041c\u043e\u0441\u043a\u0432\u0430"}}, {"model": "core.city", "pk": 14, "fields": {"name": "\u041a\u0430\u043b\u0438\u043d\u0438\u043d\u0433\u0440\u0430\u0434"}}, {"model": "routes.route", "pk": 8, "fields": {"name": "1", "from_city": "\u0410\u0431\u0430\u043a\u0430\u043d", "to_city": "\u041a\u0430\u043b\u0438\u043d\u0438\u043d\u0433\u0440\u0430\u0434", "traveling_time": 88, "across_cities": [11, 23, 27]}}, {"model": "routes.route", "pk": 9, "fields": {"name": "2", "from_city": "\u041a\u0435\u043c\u0435\u0440\u043e\u0432\u043e", "to_city": "\u041a\u0430\u043b\u0438\u043d\u0438\u043d\u0433\u0440\u0430\u0434", "traveling_time": 55, "across_cities": [21, 26]}}, {"model": "routes.route", "pk": 10, "fields": {"name": "3", "from_city": "\u041a\u0440\u0430\u0441\u043d\u043e\u044f\u0440\u0441\u043a", "to_city": "\u041a\u0430\u043b\u0438\u043d\u0438\u043d\u0433\u0440\u0430\u0434", "traveling_time": 23, "across_cities": [18]}}, {"model": "routes.route", "pk": 11, "fields": {"name": "4", "from_city": "\u041a\u0430\u043b\u0438\u043d\u0438\u043d\u0433\u0440\u0430\u0434", "to_city": "\u041a\u0435\u043c\u0435\u0440\u043e\u0432\u043e", "traveling_time": 67, "across_cities": [13, 16, 15]}}, {"model": "routes.route", "pk": 12, "fields": {"name": "5", "from_city": "\u041a\u0430\u043b\u0438\u043d\u0438\u043d\u0433\u0440\u0430\u0434", "to_city": "\u041a\u0435\u043c\u0435\u0440\u043e\u0432\u043e", "traveling_time": 46, "across_cities": [15, 19]}}, {"model": "routes.route", "pk": 13, "fields": {"name": "6", "from_city": "\u041a\u0440\u0430\u0441\u043d\u043e\u0434\u0430\u0440", "to_city": "\u041a\u0430\u043b\u0438\u043d\u0438\u043d\u0433\u0440\u0430\u0434", "traveling_time": 23, "across_cities": [14]}}, {"model": "routes.route", "pk": 14, "fields": {"name": "7", "from_city": "\u041a\u0430\u043b\u0438\u043d\u0438\u043d\u0433\u0440\u0430\u0434", "to_city": "\u0410\u0431\u0430\u043a\u0430\u043d", "traveling_time": 44, "across_cities": [13, 16]}}, {"model": "trains.train", "pk": 10, "fields": {"name": "1", "from_city": 6, "to_city": 14, "travel_time": 23}}, {"model": "trains.train", "pk": 11, "fields": {"name": "2", "from_city": 5, "to_city": 7, "travel_time": 13}}, {"model": "trains.train", "pk": 12, "fields": {"name": "3", "from_city": 10, "to_city": 14, "travel_time": 12}}, {"model": "trains.train", "pk": 13, "fields": {"name": "12", "from_city": 14, "to_city": 2, "travel_time": 32}}, {"model": "trains.train", "pk": 14, "fields": {"name": "23", "from_city": 5, "to_city": 14, "travel_time": 23}}, {"model": "trains.train", "pk": 15, "fields": {"name": "122", "from_city": 6, "to_city": 7, "travel_time": 23}}, {"model": "trains.train", "pk": 16, "fields": {"name": "121", "from_city": 2, "to_city": 6, "travel_time": 12}}, {"model": "trains.train", "pk": 17, "fields": {"name": "324", "from_city": 5, "to_city": 14, "travel_time": 112}}, {"model": "trains.train", "pk": 18, "fields": {"name": "212", "from_city": 2, "to_city": 14, "travel_time": 23}}, {"model": "trains.train", "pk": 19, "fields": {"name": "211", "from_city": 14, "to_city": 6, "travel_time": 23}}, {"model": "trains.train", "pk": 20, "fields": {"name": "2113", "from_city": 14, "to_city": 7, "travel_time": 32}}, {"model": "trains.train", "pk": 21, "fields": {"name": "232", "from_city": 6, "to_city": 14, "travel_time": 12}}, {"model": "trains.train", "pk": 22, "fields": {"name": "1233", "from_city": 6, "to_city": 7, "travel_time": 123}}, {"model": "trains.train", "pk": 23, "fields": {"name": "3212", "from_city": 6, "to_city": 5, "travel_time": 43}}, {"model": "trains.train", "pk": 24, "fields": {"name": "213", "from_city": 14, "to_city": 2, "travel_time": 122}}, {"model": "trains.train", "pk": 25, "fields": {"name": "1231", "from_city": 14, "to_city": 5, "travel_time": 32}}, {"model": "trains.train", "pk": 26, "fields": {"name": "443", "from_city": 7, "to_city": 6, "travel_time": 43}}, {"model": "trains.train", "pk": 27, "fields": {"name": "534", "from_city": 7, "to_city": 14, "travel_time": 32}}, {"model": "trains.train", "pk": 28, "fields": {"name": "43", "from_city": 5, "to_city": 6, "travel_time": 54}}, {"model": "trains.train", "pk": 29, "fields": {"name": "3242", "from_city": 5, "to_city": 14, "travel_time": 43}}, {"model": "trains.train", "pk": 30, "fields": {"name": "2133", "from_city": 5, "to_city": 2, "travel_time": 43}}, {"model": "trains.train", "pk": 31, "fields": {"name": "346", "from_city": 2, "to_city": 14, "travel_time": 56}}, {"model": "trains.train", "pk": 32, "fields": {"name": "46", "from_city": 2, "to_city": 7, "travel_time": 54}}, {"model": "trains.train", "pk": 33, "fields": {"name": "4532", "from_city": 2, "to_city": 6, "travel_time": 65}}]